QuoteJSF,TradeAction
QuoteJSF,ExternalContextProducer
TradeDirect,AccountDataBean
TradeSLSBBean,AccountProfileDataBean
TradeAction,QuoteDataBean
PingJDBCWrite,TradeDirect
TradeDirect,QuoteDataBean
OrdersAlertFilter,TradeConfig
TradeWebContextListener,Log
PingJDBCRead,TradeDirect
TradeSLSBBean,TradeConfig
TradeSLSBBean,HoldingDataBean
MarketSummaryDataBean,QuoteDataBean
TradeConfig,Log
TradeAction,AccountDataBean
TradeAction,OrderDataBean
TradeServletAction,TradeAction
PingWebSocketJson,JsonMessage
DTStreamer3MDB,MarketSummaryWebSocket
AccountDataBean,AccountProfileDataBean
MarketSummarySingleton,AccountProfileDataBean
TradeBuildDB,Log
TradeBuildDB,AccountDataBean
Log,TradeConfig
ActionMessage,Log
PingServlet2Jsp,PingBean
PingJDBCRead,QuoteDataBean
PingServlet2PDF,Log
TradeSLSBBean,TradeAction
TradeConfigServlet,Log
TradeConfigServlet,TradeDirect
KeySequenceDirect,KeyBlock::KeyBlockIterator
TradeScenarioServlet,TradeConfig
MarketSummarySingleton,TradeConfig
MarketSummarySingleton,HoldingDataBean
JsonEncoder,JsonMessage
MarketSummarySingleton,Log
FinancialUtils,HoldingDataBean
HoldingDataBean,QuoteDataBean
TradeSLSBBean,Log
PingJDBCWrite,QuoteDataBean
DTStreamer3MDB,TimerStat
TradeWebContextListener,TradeDirect
PingInterceptor,PingCDIBean
MarketSummaryWebSocket,TradeAction
JSFLoginFilter,TradeAction
JSFLoginFilter,QuoteData
TradeBuildDB,TradeDirect
TradeDirect,KeySequenceDirect
TradeDirect,MDBStats
MarketSummaryWebSocket,ActionMessage
KeySequenceDirect,Log
TradeAction,TradeConfig
QuoteJSF,TradeActionProducer
DTStreamer3MDB,TradeConfig
JSFLoginFilter,PingCDIJSFBean
ActionDecoder,ActionMessage
MDBStats,TimerStat
MarketSummaryWebSocket,RecentStockChangeList
TradeAppServlet,TradeServletAction
TradeSLSBBean,TradeDirect
PingEJBLocalDecorator,PingEJBLocal
TradeSLSBBean,QuoteDataBean
PingWebSocketJson,JsonEncoder
PingJDBCRead2JSP,TradeConfig
TradeServletAction,AccountProfileDataBean
TradeBuildDB,TradeConfig
QuoteJSF,QuoteDataBean
TradeDirect,RunStatsDataBean
TradeActionProducer,TradeAction
MarketSummaryWebSocket,Log
PingServlet2PDF,PingBean
PingUpgradeServlet,Log
QuoteJSF,QuoteData
PingServlet2ServletRcv,PingBean
TradeScenarioServlet,TradeAppServlet
PingJDBCRead2JSP,QuoteDataBean
OrdersAlertFilter,Log
TradeServletAction,AccountDataBean
ActionDecoder,Log
QuoteData,FinancialUtils
PingServlet2DB,TradeDirect
PingServlet2SessionLocal,TradeConfig
TradeServletAction,TradeConfig
TradeServletAction,HoldingDataBean
PingServlet2SessionLocal,TradeSLSBBean
TradeDirect,HoldingDataBean
TradeWebContextListener,TradeConfig
TradeDirect,Log
OrdersAlertFilter,TradeAction
MarketSummaryDataBean,TradeConfig
PingServletCDI,PingEJBLocalDecorator
OrdersAlertFilter,TradeAppServlet
PingJDBCWrite,TradeConfig
TradeServletAction,QuoteDataBean
TradeSLSBBean,OrderDataBean
TradeDirect,TradeConfig
PingServlet2Servlet,PingBean
TradeAction,Log
PingServletCDI,PingInterceptor
DTStreamer3MDB,Log
TradeDirect,AccountProfileDataBean
OrderDataBean,QuoteDataBean
PingServletCDIBeanManagerViaJNDI,PingInterceptor
DTStreamer3MDB,MDBStats
TradeConfigServlet,TradeAction
TradeDirect,OrderDataBean
MarketSummarySingleton,OrderDataBean
TradeConfigServlet,RunStatsDataBean
MarketSummarySingleton,QuoteDataBean
TradeAction,AccountProfileDataBean
TradeAppServlet,TradeAction
TradeServletAction,OrderDataBean
PingServlet2Include,TradeConfig
MarketSummarySingleton,AccountDataBean
PingServlet2Servlet,PingServlet2ServletRcv
TradeConfigServlet,MarketSummaryDataBean
JSFLoginFilter,QuoteJSF
MarketSummaryDataBean,FinancialUtils
TradeConfigServlet,TradeConfig
PingJDBCRead,TradeConfig
JsonDecoder,JsonMessage
PingServlet2Include,PingServlet2IncludeRcv
PingServletCDIBeanManagerViaCDICurrent,PingInterceptor
KeySequenceDirect,KeyBlock
TradeServletAction,FinancialUtils
TradeConfigServlet,TradeBuildDB
TradeAction,TradeSLSBBean
QuoteDataBean,TradeConfig
TradeSLSBBean,AccountDataBean
PingJDBCRead2JSP,TradeDirect
