PingEJBLocal,0
PingServletCDI,0
PingEJBLocalDecorator,0
TradeServletAction,1
TradeAppServlet,1
OrdersAlertFilter,1
Log,1
TradeConfig,1
MarketSummaryWebSocket,1
JSFLoginFilter,1
FinancialUtils,1
PingServlet2DB,1
TradeBuildDB,1
PingServletCDIBeanManagerViaCDICurrent,1
MarketSummarySingleton,1
PingServlet2SessionLocal,1
JsonDecoder,2
JsonMessage,2
PingWebSocketJson,2
JsonEncoder,2
PingServlet2PDF,2
TradeScenarioServlet,3
TradeWebContextListener,3
PingCDIJSFBean,4
TradeDirect,4
PingServletCDIBeanManagerViaJNDI,4
PingCDIBean,5
PingInterceptor,5
PingUpgradeServlet,5
TradeConfigServlet,5
PingServlet2Jsp,5
AccountDataBean,5
AccountProfileDataBean,5
ExternalContextProducer,6
QuoteJSF,6
QuoteData,6
TradeActionProducer,6
RunStatsDataBean,7
TradeSLSBBean,7
TradeAction,7
HoldingDataBean,8
ActionMessage,8
ActionDecoder,8
MDBStats,8
MarketSummaryDataBean,9
QuoteDataBean,9
PingJDBCWrite,9
KeyBlock,10
KeyBlock::KeyBlockIterator,10
KeySequenceDirect,10
PingJDBCRead2JSP,11
PingBean,11
OrderDataBean,11
PingServlet2Include,11
PingServlet2IncludeRcv,11
PingServlet2ServletRcv,11
PingServlet2Servlet,11
TimerStat,12
DTStreamer3MDB,12
RecentStockChangeList,12
PingJDBCRead,12
