AccountFormController,AccountForm
AccountValidator,Account
Cart,Item
ViewItemController,PetStoreImpl
Order,LineItem
PetStoreImpl,SqlMapProductDao
AddItemToCartController,Cart
ViewProductController,PetStoreImpl
AccountFormController,PetStoreImpl
OrderFormController,UserSession
SqlMapCategoryDao,Category
OrderFormController,OrderValidator
LineItem,Item
SqlMapItemDao,Order
SqlMapItemDao,Product
LineItem,CartItem
Order,Cart
SqlMapAccountDao,Account
SqlMapSequenceDao,Sequence
ViewCartController,Cart
OrderFormController,Account
SqlMapOrderDao,LineItem
SearchProductsController,PetStoreImpl
PetStoreImpl,SqlMapOrderDao
SqlMapOrderDao,Order
UpdateCartQuantitiesController,CartItem
SqlMapProductDao,SqlMapProductDao::ProductSearch
OrderFormController,OrderForm
AddItemToCartController,PetStoreImpl
SqlMapItemDao,Item
Order,Account
AccountFormController,AccountValidator
SignonController,PetStoreImpl
SqlMapItemDao,LineItem
SignonController,UserSession
CartItem,Item
SqlMapProductDao,Product
OrderFormController,PetStoreImpl
ViewItemController,Item
SqlMapOrderDao,SqlMapSequenceDao
PetStoreImpl,SqlMapAccountDao
PetStoreImpl,SqlMapCategoryDao
AccountFormController,UserSession
OrderValidator,Order
AccountValidator,AccountForm
AccountFormController,Account
PetStoreImpl,SqlMapItemDao
OrderFormController,Order
ViewCategoryController,PetStoreImpl
RemoveItemFromCartController,Cart
UpdateCartQuantitiesController,Cart
OrderValidator,OrderForm
UpdateCartQuantitiesController,Item
SignonController,Account
Cart,CartItem
