OrderValidator,0
UpdateCartQuantitiesController,0
UserSession,0
SqlMapAccountDao,0
Account,0
AccountValidator,0
SignonController,0
ViewCartController,0
ViewProductController,0
SqlMapSequenceDao,1
Sequence,1
SqlMapOrderDao,1
Category,2
SqlMapCategoryDao,2
PetStoreImpl,2
Product,2
SqlMapProductDao,2
ViewCategoryController,2
Item,2
Cart,2
CartItem,2
OrderForm,2
OrderFormController,2
Order,2
SqlMapItemDao,2
SqlMapProductDao::ProductSearch,3
RemoveItemFromCartController,3
SearchProductsController,3
AddItemToCartController,4
LineItem,4
ViewItemController,4
AccountForm,5
AccountFormController,5
