BookingsREST,BookingServiceImpl
ServiceLocator,FlightService
ServiceLocator,CustomerServiceImpl
FlightServiceImpl,AirportCodeMapping
CustomerREST,CustomerInfo
Loader,CustomerLoader
AuthService,AuthServiceImpl
FlightLoader,CustomerLoader
RESTCookieSessionFilter,BookingsREST
AcmeAirConfiguration,BookingServiceImpl
RESTCookieSessionFilter,ServiceLocator
RESTCookieSessionFilter,CustomerInfo
Loader,SessionLoader
CustomerREST,CustomerServiceImpl
Loader,ServiceLocator
RESTCookieSessionFilter,CustomerREST
RESTCookieSessionFilter,AcmeAirApp
CustomerLoader,CustomerServiceImpl
AuthServiceImpl,ConnectionManager
Loader,FlightLoader
LoginREST,AuthServiceImpl
AuthService,KeyGenerator
AcmeAirConfiguration,AuthServiceImpl
BookingServiceImpl,KeyGenerator
ServiceLocator,AuthServiceImpl
RESTCookieSessionFilter,AddressInfo
AcmeAirConfiguration,ServiceLocator
CustomerREST,CustomerService
AcmeAirConfiguration,FlightServiceImpl
FlightLoader,AirportCodeMapping
FlightServiceImpl,ConnectionManager
LoginREST,CustomerService
FlightLoader,FlightServiceImpl
FlightsREST,FlightService
RESTCookieSessionFilter,FlightsREST
FlightService,FlightServiceImpl
Loader,BookingLoader
LoginREST,AuthService
SessionLoader,AuthServiceImpl
CustomerService,CustomerServiceImpl
AcmeAirConfiguration,CustomerServiceImpl
ServiceLocator,FlightServiceImpl
LoaderREST,Loader
ServiceLocator,BookingServiceImpl
BookingServiceImpl,ConnectionManager
FlightServiceImpl,KeyGenerator
RESTCookieSessionFilter,LoginREST
RESTCookieSessionFilter,AuthService
BookingLoader,BookingServiceImpl
CustomerServiceImpl,ConnectionManager
